"Maze ID","Block ID","Block type","Block title","Block description","Tester ID","Started at","Completed at","Study duration (seconds)","Device type","OS","Vendor","Model","Browser","Browser version","Language","Source","Reach email","Mission type","Path","Screen ID","Screen duration (seconds)","Total duration (seconds)","Success","Give up","x","y","Total click count","Total misclick count","Misclick rate","Total misclick page count"
"458015037","08a505fa-0ba8-4843-97eb-f27943a16f3d","mission","ğŸ“ | MissÃ£o 1 â€“ Tela Inicial","â“ | Nesta etapa, vocÃª conhecerÃ¡ a tela de entrada do sistema. Observe os elementos apresentados e entenda como ocorre o processo de acesso.

ğŸ”µ | NÃ£o Ã© necessÃ¡rio inserir informaÃ§Ãµes ou realizar aÃ§Ãµes funcionais, pois este Ã© apenas um protÃ³tipo.

ğŸ¯ | Objetivo: Localizar a tela principal do aplicativo.
","457052345","2025-10-22 11:45:39","2025-10-22 11:46:59",80.2,,"Windows",,,"Chrome","141.0.0.0","pt-BR","link",,"GOAL_BASED","9:279;9:232;9:129","9:279",2.6,4.01,"TRUE","FALSE",39,59,2,0,"0.00%",0
"458015037","08a505fa-0ba8-4843-97eb-f27943a16f3d","mission","ğŸ“ | MissÃ£o 1 â€“ Tela Inicial","â“ | Nesta etapa, vocÃª conhecerÃ¡ a tela de entrada do sistema. Observe os elementos apresentados e entenda como ocorre o processo de acesso.

ğŸ”µ | NÃ£o Ã© necessÃ¡rio inserir informaÃ§Ãµes ou realizar aÃ§Ãµes funcionais, pois este Ã© apenas um protÃ³tipo.

ğŸ¯ | Objetivo: Localizar a tela principal do aplicativo.
","457052345","2025-10-22 11:45:39","2025-10-22 11:46:59",80.2,,"Windows",,,"Chrome","141.0.0.0","pt-BR","link",,"GOAL_BASED","9:279;9:232;9:129","9:232",1.5,4.01,"TRUE","FALSE",53,65,2,0,"0.00%",0
"458015037","08a505fa-0ba8-4843-97eb-f27943a16f3d","mission","ğŸ“ | MissÃ£o 1 â€“ Tela Inicial","â“ | Nesta etapa, vocÃª conhecerÃ¡ a tela de entrada do sistema. Observe os elementos apresentados e entenda como ocorre o processo de acesso.

ğŸ”µ | NÃ£o Ã© necessÃ¡rio inserir informaÃ§Ãµes ou realizar aÃ§Ãµes funcionais, pois este Ã© apenas um protÃ³tipo.

ğŸ¯ | Objetivo: Localizar a tela principal do aplicativo.
","300479800","2025-10-22 11:45:52","2025-10-22 11:47:12",79.4,,"Windows",,,"Chrome","141.0.0.0","pt-BR","link",,"GOAL_BASED","9:279;9:232;9:129","9:279",1.7,3.64,"TRUE","FALSE",29,57,2,0,"0.00%",0
"458015037","08a505fa-0ba8-4843-97eb-f27943a16f3d","mission","ğŸ“ | MissÃ£o 1 â€“ Tela Inicial","â“ | Nesta etapa, vocÃª conhecerÃ¡ a tela de entrada do sistema. Observe os elementos apresentados e entenda como ocorre o processo de acesso.

ğŸ”µ | NÃ£o Ã© necessÃ¡rio inserir informaÃ§Ãµes ou realizar aÃ§Ãµes funcionais, pois este Ã© apenas um protÃ³tipo.

ğŸ¯ | Objetivo: Localizar a tela principal do aplicativo.
","300479800","2025-10-22 11:45:52","2025-10-22 11:47:12",79.4,,"Windows",,,"Chrome","141.0.0.0","pt-BR","link",,"GOAL_BASED","9:279;9:232;9:129","9:232",2,3.64,"TRUE","FALSE",47,64,2,0,"0.00%",0
"458015037","08a505fa-0ba8-4843-97eb-f27943a16f3d","mission","ğŸ“ | MissÃ£o 1 â€“ Tela Inicial","â“ | Nesta etapa, vocÃª conhecerÃ¡ a tela de entrada do sistema. Observe os elementos apresentados e entenda como ocorre o processo de acesso.

ğŸ”µ | NÃ£o Ã© necessÃ¡rio inserir informaÃ§Ãµes ou realizar aÃ§Ãµes funcionais, pois este Ã© apenas um protÃ³tipo.

ğŸ¯ | Objetivo: Localizar a tela principal do aplicativo.
","457117309","2025-10-24 10:17:25","2025-10-24 10:19:27",122.2,,"Windows",,,"Edge","141.0.0.0","pt-BR","link",,"GOAL_BASED","9:279;9:232;9:129","9:279",1.3,3.38,"TRUE","FALSE",66,58,3,1,"33.33%",1
"458015037","08a505fa-0ba8-4843-97eb-f27943a16f3d","mission","ğŸ“ | MissÃ£o 1 â€“ Tela Inicial","â“ | Nesta etapa, vocÃª conhecerÃ¡ a tela de entrada do sistema. Observe os elementos apresentados e entenda como ocorre o processo de acesso.

ğŸ”µ | NÃ£o Ã© necessÃ¡rio inserir informaÃ§Ãµes ou realizar aÃ§Ãµes funcionais, pois este Ã© apenas um protÃ³tipo.

ğŸ¯ | Objetivo: Localizar a tela principal do aplicativo.
","457117309","2025-10-24 10:17:25","2025-10-24 10:19:27",122.2,,"Windows",,,"Edge","141.0.0.0","pt-BR","link",,"GOAL_BASED","9:279;9:232;9:129","9:232",2.1,3.38,"TRUE","FALSE",51,77,3,1,"33.33%",1
"458015037","08a505fa-0ba8-4843-97eb-f27943a16f3d","mission","ğŸ“ | MissÃ£o 1 â€“ Tela Inicial","â“ | Nesta etapa, vocÃª conhecerÃ¡ a tela de entrada do sistema. Observe os elementos apresentados e entenda como ocorre o processo de acesso.

ğŸ”µ | NÃ£o Ã© necessÃ¡rio inserir informaÃ§Ãµes ou realizar aÃ§Ãµes funcionais, pois este Ã© apenas um protÃ³tipo.

ğŸ¯ | Objetivo: Localizar a tela principal do aplicativo.
","457117309","2025-10-24 10:17:25","2025-10-24 10:19:27",122.2,,"Windows",,,"Edge","141.0.0.0","pt-BR","link",,"GOAL_BASED","9:279;9:232;9:129","9:232",2.1,3.38,"TRUE","FALSE",46,67,3,1,"33.33%",1
"458015037","08a505fa-0ba8-4843-97eb-f27943a16f3d","mission","ğŸ“ | MissÃ£o 1 â€“ Tela Inicial","â“ | Nesta etapa, vocÃª conhecerÃ¡ a tela de entrada do sistema. Observe os elementos apresentados e entenda como ocorre o processo de acesso.

ğŸ”µ | NÃ£o Ã© necessÃ¡rio inserir informaÃ§Ãµes ou realizar aÃ§Ãµes funcionais, pois este Ã© apenas um protÃ³tipo.

ğŸ¯ | Objetivo: Localizar a tela principal do aplicativo.
","456993312","2025-10-24 10:30:59","2025-10-24 10:32:59",120.4,,"Windows",,,"Chrome","141.0.0.0","en-US","link",,"GOAL_BASED","9:279;9:232;9:129","9:279",1.6,3.89,"TRUE","FALSE",40,58,2,0,"0.00%",0
"458015037","08a505fa-0ba8-4843-97eb-f27943a16f3d","mission","ğŸ“ | MissÃ£o 1 â€“ Tela Inicial","â“ | Nesta etapa, vocÃª conhecerÃ¡ a tela de entrada do sistema. Observe os elementos apresentados e entenda como ocorre o processo de acesso.

ğŸ”µ | NÃ£o Ã© necessÃ¡rio inserir informaÃ§Ãµes ou realizar aÃ§Ãµes funcionais, pois este Ã© apenas um protÃ³tipo.

ğŸ¯ | Objetivo: Localizar a tela principal do aplicativo.
","456993312","2025-10-24 10:30:59","2025-10-24 10:32:59",120.4,,"Windows",,,"Chrome","141.0.0.0","en-US","link",,"GOAL_BASED","9:279;9:232;9:129","9:232",2.3,3.89,"TRUE","FALSE",63,69,2,0,"0.00%",0
"458015037","08a505fa-0ba8-4843-97eb-f27943a16f3d","mission","ğŸ“ | MissÃ£o 1 â€“ Tela Inicial","â“ | Nesta etapa, vocÃª conhecerÃ¡ a tela de entrada do sistema. Observe os elementos apresentados e entenda como ocorre o processo de acesso.

ğŸ”µ | NÃ£o Ã© necessÃ¡rio inserir informaÃ§Ãµes ou realizar aÃ§Ãµes funcionais, pois este Ã© apenas um protÃ³tipo.

ğŸ¯ | Objetivo: Localizar a tela principal do aplicativo.
","459229055","2025-10-24 11:28:55","2025-10-24 11:29:47",53,,"Windows",,,"Opera","122.0.0.0","pt-BR","link",,"GOAL_BASED","9:279;9:232;9:129","9:279",6,7.43,"TRUE","FALSE",43,59,2,0,"0.00%",0
"458015037","08a505fa-0ba8-4843-97eb-f27943a16f3d","mission","ğŸ“ | MissÃ£o 1 â€“ Tela Inicial","â“ | Nesta etapa, vocÃª conhecerÃ¡ a tela de entrada do sistema. Observe os elementos apresentados e entenda como ocorre o processo de acesso.

ğŸ”µ | NÃ£o Ã© necessÃ¡rio inserir informaÃ§Ãµes ou realizar aÃ§Ãµes funcionais, pois este Ã© apenas um protÃ³tipo.

ğŸ¯ | Objetivo: Localizar a tela principal do aplicativo.
","459229055","2025-10-24 11:28:55","2025-10-24 11:29:47",53,,"Windows",,,"Opera","122.0.0.0","pt-BR","link",,"GOAL_BASED","9:279;9:232;9:129","9:232",1.4,7.43,"TRUE","FALSE",45,66,2,0,"0.00%",0
"458015037","08a505fa-0ba8-4843-97eb-f27943a16f3d","mission","ğŸ“ | MissÃ£o 1 â€“ Tela Inicial","â“ | Nesta etapa, vocÃª conhecerÃ¡ a tela de entrada do sistema. Observe os elementos apresentados e entenda como ocorre o processo de acesso.

ğŸ”µ | NÃ£o Ã© necessÃ¡rio inserir informaÃ§Ãµes ou realizar aÃ§Ãµes funcionais, pois este Ã© apenas um protÃ³tipo.

ğŸ¯ | Objetivo: Localizar a tela principal do aplicativo.
","459407124","2025-10-24 17:31:43","2025-10-24 17:33:12",89.3,,"Mac OS","Apple","Macintosh","Chrome","130.0.0.0","pt-BR","link",,"GOAL_BASED","9:279;9:232;9:129","9:279",1.7,3,"TRUE","FALSE",33,60,2,0,"0.00%",0
"458015037","08a505fa-0ba8-4843-97eb-f27943a16f3d","mission","ğŸ“ | MissÃ£o 1 â€“ Tela Inicial","â“ | Nesta etapa, vocÃª conhecerÃ¡ a tela de entrada do sistema. Observe os elementos apresentados e entenda como ocorre o processo de acesso.

ğŸ”µ | NÃ£o Ã© necessÃ¡rio inserir informaÃ§Ãµes ou realizar aÃ§Ãµes funcionais, pois este Ã© apenas um protÃ³tipo.

ğŸ¯ | Objetivo: Localizar a tela principal do aplicativo.
","459407124","2025-10-24 17:31:43","2025-10-24 17:33:12",89.3,,"Mac OS","Apple","Macintosh","Chrome","130.0.0.0","pt-BR","link",,"GOAL_BASED","9:279;9:232;9:129","9:232",1.3,3,"TRUE","FALSE",41,67,2,0,"0.00%",0
"458015037","08a505fa-0ba8-4843-97eb-f27943a16f3d","mission","ğŸ“ | MissÃ£o 1 â€“ Tela Inicial","â“ | Nesta etapa, vocÃª conhecerÃ¡ a tela de entrada do sistema. Observe os elementos apresentados e entenda como ocorre o processo de acesso.

ğŸ”µ | NÃ£o Ã© necessÃ¡rio inserir informaÃ§Ãµes ou realizar aÃ§Ãµes funcionais, pois este Ã© apenas um protÃ³tipo.

ğŸ¯ | Objetivo: Localizar a tela principal do aplicativo.
","460333160","2025-10-27 14:29:55","2025-10-27 14:31:04",69,,"Windows",,,"Opera","122.0.0.0","pt-BR","link",,"GOAL_BASED","9:279;9:232;9:129","9:279",6,7.13,"TRUE","FALSE",46,58,2,0,"0.00%",0
"458015037","08a505fa-0ba8-4843-97eb-f27943a16f3d","mission","ğŸ“ | MissÃ£o 1 â€“ Tela Inicial","â“ | Nesta etapa, vocÃª conhecerÃ¡ a tela de entrada do sistema. Observe os elementos apresentados e entenda como ocorre o processo de acesso.

ğŸ”µ | NÃ£o Ã© necessÃ¡rio inserir informaÃ§Ãµes ou realizar aÃ§Ãµes funcionais, pois este Ã© apenas um protÃ³tipo.

ğŸ¯ | Objetivo: Localizar a tela principal do aplicativo.
","460333160","2025-10-27 14:29:55","2025-10-27 14:31:04",69,,"Windows",,,"Opera","122.0.0.0","pt-BR","link",,"GOAL_BASED","9:279;9:232;9:129","9:232",1.2,7.13,"TRUE","FALSE",49,67,2,0,"0.00%",0
"458015037","08a505fa-0ba8-4843-97eb-f27943a16f3d","mission","ğŸ“ | MissÃ£o 1 â€“ Tela Inicial","â“ | Nesta etapa, vocÃª conhecerÃ¡ a tela de entrada do sistema. Observe os elementos apresentados e entenda como ocorre o processo de acesso.

ğŸ”µ | NÃ£o Ã© necessÃ¡rio inserir informaÃ§Ãµes ou realizar aÃ§Ãµes funcionais, pois este Ã© apenas um protÃ³tipo.

ğŸ¯ | Objetivo: Localizar a tela principal do aplicativo.
","460345464","2025-10-27 14:40:44","2025-10-27 14:44:03",199.2,,"Windows",,,"Chrome","141.0.0.0","pt-BR","link",,"GOAL_BASED","9:279;9:317;9:358;9:232;9:129","9:279",4.9,14.31,"TRUE","FALSE",54,69,5,1,"20.00%",1
"458015037","08a505fa-0ba8-4843-97eb-f27943a16f3d","mission","ğŸ“ | MissÃ£o 1 â€“ Tela Inicial","â“ | Nesta etapa, vocÃª conhecerÃ¡ a tela de entrada do sistema. Observe os elementos apresentados e entenda como ocorre o processo de acesso.

ğŸ”µ | NÃ£o Ã© necessÃ¡rio inserir informaÃ§Ãµes ou realizar aÃ§Ãµes funcionais, pois este Ã© apenas um protÃ³tipo.

ğŸ¯ | Objetivo: Localizar a tela principal do aplicativo.
","460345464","2025-10-27 14:40:44","2025-10-27 14:44:03",199.2,,"Windows",,,"Chrome","141.0.0.0","pt-BR","link",,"GOAL_BASED","9:279;9:317;9:358;9:232;9:129","9:317",3.9,14.31,"TRUE","FALSE",45,41,5,1,"20.00%",1
"458015037","08a505fa-0ba8-4843-97eb-f27943a16f3d","mission","ğŸ“ | MissÃ£o 1 â€“ Tela Inicial","â“ | Nesta etapa, vocÃª conhecerÃ¡ a tela de entrada do sistema. Observe os elementos apresentados e entenda como ocorre o processo de acesso.

ğŸ”µ | NÃ£o Ã© necessÃ¡rio inserir informaÃ§Ãµes ou realizar aÃ§Ãµes funcionais, pois este Ã© apenas um protÃ³tipo.

ğŸ¯ | Objetivo: Localizar a tela principal do aplicativo.
","460345464","2025-10-27 14:40:44","2025-10-27 14:44:03",199.2,,"Windows",,,"Chrome","141.0.0.0","pt-BR","link",,"GOAL_BASED","9:279;9:317;9:358;9:232;9:129","9:317",3.9,14.31,"TRUE","FALSE",48,87,5,1,"20.00%",1
"458015037","08a505fa-0ba8-4843-97eb-f27943a16f3d","mission","ğŸ“ | MissÃ£o 1 â€“ Tela Inicial","â“ | Nesta etapa, vocÃª conhecerÃ¡ a tela de entrada do sistema. Observe os elementos apresentados e entenda como ocorre o processo de acesso.

ğŸ”µ | NÃ£o Ã© necessÃ¡rio inserir informaÃ§Ãµes ou realizar aÃ§Ãµes funcionais, pois este Ã© apenas um protÃ³tipo.

ğŸ¯ | Objetivo: Localizar a tela principal do aplicativo.
","460345464","2025-10-27 14:40:44","2025-10-27 14:44:03",199.2,,"Windows",,,"Chrome","141.0.0.0","pt-BR","link",,"GOAL_BASED","9:279;9:317;9:358;9:232;9:129","9:358",2.1,14.31,"TRUE","FALSE",51,65,5,1,"20.00%",1
"458015037","08a505fa-0ba8-4843-97eb-f27943a16f3d","mission","ğŸ“ | MissÃ£o 1 â€“ Tela Inicial","â“ | Nesta etapa, vocÃª conhecerÃ¡ a tela de entrada do sistema. Observe os elementos apresentados e entenda como ocorre o processo de acesso.

ğŸ”µ | NÃ£o Ã© necessÃ¡rio inserir informaÃ§Ãµes ou realizar aÃ§Ãµes funcionais, pois este Ã© apenas um protÃ³tipo.

ğŸ¯ | Objetivo: Localizar a tela principal do aplicativo.
","460345464","2025-10-27 14:40:44","2025-10-27 14:44:03",199.2,,"Windows",,,"Chrome","141.0.0.0","pt-BR","link",,"GOAL_BASED","9:279;9:317;9:358;9:232;9:129","9:232",3.4,14.31,"TRUE","FALSE",59,65,5,1,"20.00%",1
"458015037","08a505fa-0ba8-4843-97eb-f27943a16f3d","mission","ğŸ“ | MissÃ£o 1 â€“ Tela Inicial","â“ | Nesta etapa, vocÃª conhecerÃ¡ a tela de entrada do sistema. Observe os elementos apresentados e entenda como ocorre o processo de acesso.

ğŸ”µ | NÃ£o Ã© necessÃ¡rio inserir informaÃ§Ãµes ou realizar aÃ§Ãµes funcionais, pois este Ã© apenas um protÃ³tipo.

ğŸ¯ | Objetivo: Localizar a tela principal do aplicativo.
","460332893","2025-10-27 14:41:48","2025-10-27 14:44:08",139.7,,"Windows",,,"Chrome","141.0.0.0","pt-BR","link",,"GOAL_BASED","9:279;9:232;9:129","9:279",3.2,5.09,"TRUE","FALSE",48,57,2,0,"0.00%",0
"458015037","08a505fa-0ba8-4843-97eb-f27943a16f3d","mission","ğŸ“ | MissÃ£o 1 â€“ Tela Inicial","â“ | Nesta etapa, vocÃª conhecerÃ¡ a tela de entrada do sistema. Observe os elementos apresentados e entenda como ocorre o processo de acesso.

ğŸ”µ | NÃ£o Ã© necessÃ¡rio inserir informaÃ§Ãµes ou realizar aÃ§Ãµes funcionais, pois este Ã© apenas um protÃ³tipo.

ğŸ¯ | Objetivo: Localizar a tela principal do aplicativo.
","460332893","2025-10-27 14:41:48","2025-10-27 14:44:08",139.7,,"Windows",,,"Chrome","141.0.0.0","pt-BR","link",,"GOAL_BASED","9:279;9:232;9:129","9:232",1.9,5.09,"TRUE","FALSE",64,65,2,0,"0.00%",0
"458015037","08a505fa-0ba8-4843-97eb-f27943a16f3d","mission","ğŸ“ | MissÃ£o 1 â€“ Tela Inicial","â“ | Nesta etapa, vocÃª conhecerÃ¡ a tela de entrada do sistema. Observe os elementos apresentados e entenda como ocorre o processo de acesso.

ğŸ”µ | NÃ£o Ã© necessÃ¡rio inserir informaÃ§Ãµes ou realizar aÃ§Ãµes funcionais, pois este Ã© apenas um protÃ³tipo.

ğŸ¯ | Objetivo: Localizar a tela principal do aplicativo.
","460343528","2025-10-27 14:40:18","2025-10-27 14:46:11",352.8,,"Windows",,,"Chrome","141.0.0.0","pt-BR","link",,"GOAL_BASED","9:279;9:232;9:129","9:279",3.5,8.78,"TRUE","FALSE",38,58,2,0,"0.00%",0
"458015037","08a505fa-0ba8-4843-97eb-f27943a16f3d","mission","ğŸ“ | MissÃ£o 1 â€“ Tela Inicial","â“ | Nesta etapa, vocÃª conhecerÃ¡ a tela de entrada do sistema. Observe os elementos apresentados e entenda como ocorre o processo de acesso.

ğŸ”µ | NÃ£o Ã© necessÃ¡rio inserir informaÃ§Ãµes ou realizar aÃ§Ãµes funcionais, pois este Ã© apenas um protÃ³tipo.

ğŸ¯ | Objetivo: Localizar a tela principal do aplicativo.
","460343528","2025-10-27 14:40:18","2025-10-27 14:46:11",352.8,,"Windows",,,"Chrome","141.0.0.0","pt-BR","link",,"GOAL_BASED","9:279;9:232;9:129","9:232",5.3,8.78,"TRUE","FALSE",39,65,2,0,"0.00%",0
"458015037","08a505fa-0ba8-4843-97eb-f27943a16f3d","mission","ğŸ“ | MissÃ£o 1 â€“ Tela Inicial","â“ | Nesta etapa, vocÃª conhecerÃ¡ a tela de entrada do sistema. Observe os elementos apresentados e entenda como ocorre o processo de acesso.

ğŸ”µ | NÃ£o Ã© necessÃ¡rio inserir informaÃ§Ãµes ou realizar aÃ§Ãµes funcionais, pois este Ã© apenas um protÃ³tipo.

ğŸ¯ | Objetivo: Localizar a tela principal do aplicativo.
","460331503","2025-10-27 14:57:25",,,"mobile","iOS","Apple","iPhone","Mobile Safari","26.0.1","pt-BR","link",,"GOAL_BASED","9:279;9:232;9:129","9:279",12.9,16.86,"TRUE","FALSE",91,72,3,1,"33.33%",1
"458015037","08a505fa-0ba8-4843-97eb-f27943a16f3d","mission","ğŸ“ | MissÃ£o 1 â€“ Tela Inicial","â“ | Nesta etapa, vocÃª conhecerÃ¡ a tela de entrada do sistema. Observe os elementos apresentados e entenda como ocorre o processo de acesso.

ğŸ”µ | NÃ£o Ã© necessÃ¡rio inserir informaÃ§Ãµes ou realizar aÃ§Ãµes funcionais, pois este Ã© apenas um protÃ³tipo.

ğŸ¯ | Objetivo: Localizar a tela principal do aplicativo.
","460331503","2025-10-27 14:57:25",,,"mobile","iOS","Apple","iPhone","Mobile Safari","26.0.1","pt-BR","link",,"GOAL_BASED","9:279;9:232;9:129","9:279",12.9,16.86,"TRUE","FALSE",67,58,3,1,"33.33%",1
"458015037","08a505fa-0ba8-4843-97eb-f27943a16f3d","mission","ğŸ“ | MissÃ£o 1 â€“ Tela Inicial","â“ | Nesta etapa, vocÃª conhecerÃ¡ a tela de entrada do sistema. Observe os elementos apresentados e entenda como ocorre o processo de acesso.

ğŸ”µ | NÃ£o Ã© necessÃ¡rio inserir informaÃ§Ãµes ou realizar aÃ§Ãµes funcionais, pois este Ã© apenas um protÃ³tipo.

ğŸ¯ | Objetivo: Localizar a tela principal do aplicativo.
","460331503","2025-10-27 14:57:25",,,"mobile","iOS","Apple","iPhone","Mobile Safari","26.0.1","pt-BR","link",,"GOAL_BASED","9:279;9:232;9:129","9:232",3.9,16.86,"TRUE","FALSE",70,64,3,1,"33.33%",1
"458015037","08a505fa-0ba8-4843-97eb-f27943a16f3d","mission","ğŸ“ | MissÃ£o 1 â€“ Tela Inicial","â“ | Nesta etapa, vocÃª conhecerÃ¡ a tela de entrada do sistema. Observe os elementos apresentados e entenda como ocorre o processo de acesso.

ğŸ”µ | NÃ£o Ã© necessÃ¡rio inserir informaÃ§Ãµes ou realizar aÃ§Ãµes funcionais, pois este Ã© apenas um protÃ³tipo.

ğŸ¯ | Objetivo: Localizar a tela principal do aplicativo.
","460359041","2025-10-27 14:59:50","2025-10-27 15:01:21",91.4,"mobile","Android",,"K","Samsung Internet","28.0","pt-BR","link",,"GOAL_BASED","9:279;9:232;9:129","9:279",20.8,22.71,"TRUE","FALSE",59,58,2,0,"0.00%",0
"458015037","08a505fa-0ba8-4843-97eb-f27943a16f3d","mission","ğŸ“ | MissÃ£o 1 â€“ Tela Inicial","â“ | Nesta etapa, vocÃª conhecerÃ¡ a tela de entrada do sistema. Observe os elementos apresentados e entenda como ocorre o processo de acesso.

ğŸ”µ | NÃ£o Ã© necessÃ¡rio inserir informaÃ§Ãµes ou realizar aÃ§Ãµes funcionais, pois este Ã© apenas um protÃ³tipo.

ğŸ¯ | Objetivo: Localizar a tela principal do aplicativo.
","460359041","2025-10-27 14:59:50","2025-10-27 15:01:21",91.4,"mobile","Android",,"K","Samsung Internet","28.0","pt-BR","link",,"GOAL_BASED","9:279;9:232;9:129","9:232",1.9,22.71,"TRUE","FALSE",70,67,2,0,"0.00%",0
"458015037","08a505fa-0ba8-4843-97eb-f27943a16f3d","mission","ğŸ“ | MissÃ£o 1 â€“ Tela Inicial","â“ | Nesta etapa, vocÃª conhecerÃ¡ a tela de entrada do sistema. Observe os elementos apresentados e entenda como ocorre o processo de acesso.

ğŸ”µ | NÃ£o Ã© necessÃ¡rio inserir informaÃ§Ãµes ou realizar aÃ§Ãµes funcionais, pois este Ã© apenas um protÃ³tipo.

ğŸ¯ | Objetivo: Localizar a tela principal do aplicativo.
","461012016","2025-10-28 14:32:28","2025-10-28 14:33:35",67.1,,"Windows",,,"Edge","141.0.0.0","pt-BR","link",,"GOAL_BASED","9:279;9:232;9:129","9:279",8.7,9.88,"TRUE","FALSE",43,58,2,0,"0.00%",0
"458015037","08a505fa-0ba8-4843-97eb-f27943a16f3d","mission","ğŸ“ | MissÃ£o 1 â€“ Tela Inicial","â“ | Nesta etapa, vocÃª conhecerÃ¡ a tela de entrada do sistema. Observe os elementos apresentados e entenda como ocorre o processo de acesso.

ğŸ”µ | NÃ£o Ã© necessÃ¡rio inserir informaÃ§Ãµes ou realizar aÃ§Ãµes funcionais, pois este Ã© apenas um protÃ³tipo.

ğŸ¯ | Objetivo: Localizar a tela principal do aplicativo.
","461012016","2025-10-28 14:32:28","2025-10-28 14:33:35",67.1,,"Windows",,,"Edge","141.0.0.0","pt-BR","link",,"GOAL_BASED","9:279;9:232;9:129","9:232",1.2,9.88,"TRUE","FALSE",39,67,2,0,"0.00%",0
"458015037","08a505fa-0ba8-4843-97eb-f27943a16f3d","mission","ğŸ“ | MissÃ£o 1 â€“ Tela Inicial","â“ | Nesta etapa, vocÃª conhecerÃ¡ a tela de entrada do sistema. Observe os elementos apresentados e entenda como ocorre o processo de acesso.

ğŸ”µ | NÃ£o Ã© necessÃ¡rio inserir informaÃ§Ãµes ou realizar aÃ§Ãµes funcionais, pois este Ã© apenas um protÃ³tipo.

ğŸ¯ | Objetivo: Localizar a tela principal do aplicativo.
","458701005","2025-10-28 14:33:04","2025-10-28 14:34:25",80.8,,"Windows",,,"Chrome","141.0.0.0","pt-BR","link",,"GOAL_BASED","9:279;9:232;9:129","9:279",1.6,3.04,"TRUE","FALSE",52,58,2,0,"0.00%",0
"458015037","08a505fa-0ba8-4843-97eb-f27943a16f3d","mission","ğŸ“ | MissÃ£o 1 â€“ Tela Inicial","â“ | Nesta etapa, vocÃª conhecerÃ¡ a tela de entrada do sistema. Observe os elementos apresentados e entenda como ocorre o processo de acesso.

ğŸ”µ | NÃ£o Ã© necessÃ¡rio inserir informaÃ§Ãµes ou realizar aÃ§Ãµes funcionais, pois este Ã© apenas um protÃ³tipo.

ğŸ¯ | Objetivo: Localizar a tela principal do aplicativo.
","458701005","2025-10-28 14:33:04","2025-10-28 14:34:25",80.8,,"Windows",,,"Chrome","141.0.0.0","pt-BR","link",,"GOAL_BASED","9:279;9:232;9:129","9:232",1.4,3.04,"TRUE","FALSE",44,66,2,0,"0.00%",0
"458015037","08a505fa-0ba8-4843-97eb-f27943a16f3d","mission","ğŸ“ | MissÃ£o 1 â€“ Tela Inicial","â“ | Nesta etapa, vocÃª conhecerÃ¡ a tela de entrada do sistema. Observe os elementos apresentados e entenda como ocorre o processo de acesso.

ğŸ”µ | NÃ£o Ã© necessÃ¡rio inserir informaÃ§Ãµes ou realizar aÃ§Ãµes funcionais, pois este Ã© apenas um protÃ³tipo.

ğŸ¯ | Objetivo: Localizar a tela principal do aplicativo.
","455162856","2025-10-28 14:39:11",,,,"Windows",,,"Opera","122.0.0.0","pt-BR","link",,"GOAL_BASED","9:279;9:232;9:129","9:279",1.3,2.83,"TRUE","FALSE",65,58,3,1,"33.33%",1
"458015037","08a505fa-0ba8-4843-97eb-f27943a16f3d","mission","ğŸ“ | MissÃ£o 1 â€“ Tela Inicial","â“ | Nesta etapa, vocÃª conhecerÃ¡ a tela de entrada do sistema. Observe os elementos apresentados e entenda como ocorre o processo de acesso.

ğŸ”µ | NÃ£o Ã© necessÃ¡rio inserir informaÃ§Ãµes ou realizar aÃ§Ãµes funcionais, pois este Ã© apenas um protÃ³tipo.

ğŸ¯ | Objetivo: Localizar a tela principal do aplicativo.
","455162856","2025-10-28 14:39:11",,,,"Windows",,,"Opera","122.0.0.0","pt-BR","link",,"GOAL_BASED","9:279;9:232;9:129","9:232",1.6,2.83,"TRUE","FALSE",45,53,3,1,"33.33%",1
"458015037","08a505fa-0ba8-4843-97eb-f27943a16f3d","mission","ğŸ“ | MissÃ£o 1 â€“ Tela Inicial","â“ | Nesta etapa, vocÃª conhecerÃ¡ a tela de entrada do sistema. Observe os elementos apresentados e entenda como ocorre o processo de acesso.

ğŸ”µ | NÃ£o Ã© necessÃ¡rio inserir informaÃ§Ãµes ou realizar aÃ§Ãµes funcionais, pois este Ã© apenas um protÃ³tipo.

ğŸ¯ | Objetivo: Localizar a tela principal do aplicativo.
","455162856","2025-10-28 14:39:11",,,,"Windows",,,"Opera","122.0.0.0","pt-BR","link",,"GOAL_BASED","9:279;9:232;9:129","9:232",1.6,2.83,"TRUE","FALSE",40,66,3,1,"33.33%",1
"458015037","08a505fa-0ba8-4843-97eb-f27943a16f3d","mission","ğŸ“ | MissÃ£o 1 â€“ Tela Inicial","â“ | Nesta etapa, vocÃª conhecerÃ¡ a tela de entrada do sistema. Observe os elementos apresentados e entenda como ocorre o processo de acesso.

ğŸ”µ | NÃ£o Ã© necessÃ¡rio inserir informaÃ§Ãµes ou realizar aÃ§Ãµes funcionais, pois este Ã© apenas um protÃ³tipo.

ğŸ¯ | Objetivo: Localizar a tela principal do aplicativo.
","461017896","2025-10-28 14:41:41","2025-10-28 14:42:17",36.7,,"Windows",,,"Chrome","132.0.0.0","pt-BR","link",,"GOAL_BASED","9:279;9:232;9:129","9:279",1.3,3.1,"TRUE","FALSE",54,58,2,0,"0.00%",0
"458015037","08a505fa-0ba8-4843-97eb-f27943a16f3d","mission","ğŸ“ | MissÃ£o 1 â€“ Tela Inicial","â“ | Nesta etapa, vocÃª conhecerÃ¡ a tela de entrada do sistema. Observe os elementos apresentados e entenda como ocorre o processo de acesso.

ğŸ”µ | NÃ£o Ã© necessÃ¡rio inserir informaÃ§Ãµes ou realizar aÃ§Ãµes funcionais, pois este Ã© apenas um protÃ³tipo.

ğŸ¯ | Objetivo: Localizar a tela principal do aplicativo.
","461017896","2025-10-28 14:41:41","2025-10-28 14:42:17",36.7,,"Windows",,,"Chrome","132.0.0.0","pt-BR","link",,"GOAL_BASED","9:279;9:232;9:129","9:232",1.8,3.1,"TRUE","FALSE",50,67,2,0,"0.00%",0
"458015037","08a505fa-0ba8-4843-97eb-f27943a16f3d","mission","ğŸ“ | MissÃ£o 1 â€“ Tela Inicial","â“ | Nesta etapa, vocÃª conhecerÃ¡ a tela de entrada do sistema. Observe os elementos apresentados e entenda como ocorre o processo de acesso.

ğŸ”µ | NÃ£o Ã© necessÃ¡rio inserir informaÃ§Ãµes ou realizar aÃ§Ãµes funcionais, pois este Ã© apenas um protÃ³tipo.

ğŸ¯ | Objetivo: Localizar a tela principal do aplicativo.
","461022194","2025-10-28 14:43:04","2025-10-28 14:43:44",40,,"Windows",,,"Edge","141.0.0.0","pt-BR","link",,"GOAL_BASED","9:279;9:232;9:129","9:279",1,2.3,"TRUE","FALSE",51,60,2,0,"0.00%",0
"458015037","08a505fa-0ba8-4843-97eb-f27943a16f3d","mission","ğŸ“ | MissÃ£o 1 â€“ Tela Inicial","â“ | Nesta etapa, vocÃª conhecerÃ¡ a tela de entrada do sistema. Observe os elementos apresentados e entenda como ocorre o processo de acesso.

ğŸ”µ | NÃ£o Ã© necessÃ¡rio inserir informaÃ§Ãµes ou realizar aÃ§Ãµes funcionais, pois este Ã© apenas um protÃ³tipo.

ğŸ¯ | Objetivo: Localizar a tela principal do aplicativo.
","461022194","2025-10-28 14:43:04","2025-10-28 14:43:44",40,,"Windows",,,"Edge","141.0.0.0","pt-BR","link",,"GOAL_BASED","9:279;9:232;9:129","9:232",1.3,2.3,"TRUE","FALSE",52,66,2,0,"0.00%",0
"458015037","08a505fa-0ba8-4843-97eb-f27943a16f3d","mission","ğŸ“ | MissÃ£o 1 â€“ Tela Inicial","â“ | Nesta etapa, vocÃª conhecerÃ¡ a tela de entrada do sistema. Observe os elementos apresentados e entenda como ocorre o processo de acesso.

ğŸ”µ | NÃ£o Ã© necessÃ¡rio inserir informaÃ§Ãµes ou realizar aÃ§Ãµes funcionais, pois este Ã© apenas um protÃ³tipo.

ğŸ¯ | Objetivo: Localizar a tela principal do aplicativo.
","243641804","2025-10-28 14:44:12","2025-10-28 14:45:17",64.9,,"Windows",,,"Edge","141.0.0.0","pt-BR","link",,"GOAL_BASED","9:279;9:232;9:129","9:279",3.5,4.5,"TRUE","FALSE",47,60,2,0,"0.00%",0
"458015037","08a505fa-0ba8-4843-97eb-f27943a16f3d","mission","ğŸ“ | MissÃ£o 1 â€“ Tela Inicial","â“ | Nesta etapa, vocÃª conhecerÃ¡ a tela de entrada do sistema. Observe os elementos apresentados e entenda como ocorre o processo de acesso.

ğŸ”µ | NÃ£o Ã© necessÃ¡rio inserir informaÃ§Ãµes ou realizar aÃ§Ãµes funcionais, pois este Ã© apenas um protÃ³tipo.

ğŸ¯ | Objetivo: Localizar a tela principal do aplicativo.
","243641804","2025-10-28 14:44:12","2025-10-28 14:45:17",64.9,,"Windows",,,"Edge","141.0.0.0","pt-BR","link",,"GOAL_BASED","9:279;9:232;9:129","9:232",1,4.5,"TRUE","FALSE",53,65,2,0,"0.00%",0
"458015037","08a505fa-0ba8-4843-97eb-f27943a16f3d","mission","ğŸ“ | MissÃ£o 1 â€“ Tela Inicial","â“ | Nesta etapa, vocÃª conhecerÃ¡ a tela de entrada do sistema. Observe os elementos apresentados e entenda como ocorre o processo de acesso.

ğŸ”µ | NÃ£o Ã© necessÃ¡rio inserir informaÃ§Ãµes ou realizar aÃ§Ãµes funcionais, pois este Ã© apenas um protÃ³tipo.

ğŸ¯ | Objetivo: Localizar a tela principal do aplicativo.
","462092842","2025-10-30 10:48:14","2025-10-30 10:53:08",294.1,,"Windows",,,"Edge","141.0.0.0","pt-BR","link",,"GOAL_BASED","9:279;9:232;9:317;9:358;9:232;9:129","9:279",18.5,28.84,"TRUE","FALSE",66,56,9,4,"44.44%",1
"458015037","08a505fa-0ba8-4843-97eb-f27943a16f3d","mission","ğŸ“ | MissÃ£o 1 â€“ Tela Inicial","â“ | Nesta etapa, vocÃª conhecerÃ¡ a tela de entrada do sistema. Observe os elementos apresentados e entenda como ocorre o processo de acesso.

ğŸ”µ | NÃ£o Ã© necessÃ¡rio inserir informaÃ§Ãµes ou realizar aÃ§Ãµes funcionais, pois este Ã© apenas um protÃ³tipo.

ğŸ¯ | Objetivo: Localizar a tela principal do aplicativo.
","462092842","2025-10-30 10:48:14","2025-10-30 10:53:08",294.1,,"Windows",,,"Edge","141.0.0.0","pt-BR","link",,"GOAL_BASED","9:279;9:232;9:317;9:358;9:232;9:129","9:232",5.6,28.84,"TRUE","FALSE",71,77,9,4,"44.44%",1
"458015037","08a505fa-0ba8-4843-97eb-f27943a16f3d","mission","ğŸ“ | MissÃ£o 1 â€“ Tela Inicial","â“ | Nesta etapa, vocÃª conhecerÃ¡ a tela de entrada do sistema. Observe os elementos apresentados e entenda como ocorre o processo de acesso.

ğŸ”µ | NÃ£o Ã© necessÃ¡rio inserir informaÃ§Ãµes ou realizar aÃ§Ãµes funcionais, pois este Ã© apenas um protÃ³tipo.

ğŸ¯ | Objetivo: Localizar a tela principal do aplicativo.
","462092842","2025-10-30 10:48:14","2025-10-30 10:53:08",294.1,,"Windows",,,"Edge","141.0.0.0","pt-BR","link",,"GOAL_BASED","9:279;9:232;9:317;9:358;9:232;9:129","9:232",5.6,28.84,"TRUE","FALSE",71,77,9,4,"44.44%",1
"458015037","08a505fa-0ba8-4843-97eb-f27943a16f3d","mission","ğŸ“ | MissÃ£o 1 â€“ Tela Inicial","â“ | Nesta etapa, vocÃª conhecerÃ¡ a tela de entrada do sistema. Observe os elementos apresentados e entenda como ocorre o processo de acesso.

ğŸ”µ | NÃ£o Ã© necessÃ¡rio inserir informaÃ§Ãµes ou realizar aÃ§Ãµes funcionais, pois este Ã© apenas um protÃ³tipo.

ğŸ¯ | Objetivo: Localizar a tela principal do aplicativo.
","462092842","2025-10-30 10:48:14","2025-10-30 10:53:08",294.1,,"Windows",,,"Edge","141.0.0.0","pt-BR","link",,"GOAL_BASED","9:279;9:232;9:317;9:358;9:232;9:129","9:232",5.6,28.84,"TRUE","FALSE",71,77,9,4,"44.44%",1
"458015037","08a505fa-0ba8-4843-97eb-f27943a16f3d","mission","ğŸ“ | MissÃ£o 1 â€“ Tela Inicial","â“ | Nesta etapa, vocÃª conhecerÃ¡ a tela de entrada do sistema. Observe os elementos apresentados e entenda como ocorre o processo de acesso.

ğŸ”µ | NÃ£o Ã© necessÃ¡rio inserir informaÃ§Ãµes ou realizar aÃ§Ãµes funcionais, pois este Ã© apenas um protÃ³tipo.

ğŸ¯ | Objetivo: Localizar a tela principal do aplicativo.
","462092842","2025-10-30 10:48:14","2025-10-30 10:53:08",294.1,,"Windows",,,"Edge","141.0.0.0","pt-BR","link",,"GOAL_BASED","9:279;9:232;9:317;9:358;9:232;9:129","9:232",5.6,28.84,"TRUE","FALSE",71,77,9,4,"44.44%",1
"458015037","08a505fa-0ba8-4843-97eb-f27943a16f3d","mission","ğŸ“ | MissÃ£o 1 â€“ Tela Inicial","â“ | Nesta etapa, vocÃª conhecerÃ¡ a tela de entrada do sistema. Observe os elementos apresentados e entenda como ocorre o processo de acesso.

ğŸ”µ | NÃ£o Ã© necessÃ¡rio inserir informaÃ§Ãµes ou realizar aÃ§Ãµes funcionais, pois este Ã© apenas um protÃ³tipo.

ğŸ¯ | Objetivo: Localizar a tela principal do aplicativo.
","462092842","2025-10-30 10:48:14","2025-10-30 10:53:08",294.1,,"Windows",,,"Edge","141.0.0.0","pt-BR","link",,"GOAL_BASED","9:279;9:232;9:317;9:358;9:232;9:129","9:232",5.6,28.84,"TRUE","FALSE",53,87,9,4,"44.44%",1
"458015037","08a505fa-0ba8-4843-97eb-f27943a16f3d","mission","ğŸ“ | MissÃ£o 1 â€“ Tela Inicial","â“ | Nesta etapa, vocÃª conhecerÃ¡ a tela de entrada do sistema. Observe os elementos apresentados e entenda como ocorre o processo de acesso.

ğŸ”µ | NÃ£o Ã© necessÃ¡rio inserir informaÃ§Ãµes ou realizar aÃ§Ãµes funcionais, pois este Ã© apenas um protÃ³tipo.

ğŸ¯ | Objetivo: Localizar a tela principal do aplicativo.
","462092842","2025-10-30 10:48:14","2025-10-30 10:53:08",294.1,,"Windows",,,"Edge","141.0.0.0","pt-BR","link",,"GOAL_BASED","9:279;9:232;9:317;9:358;9:232;9:129","9:317",1.6,28.84,"TRUE","FALSE",54,88,9,4,"44.44%",1
"458015037","08a505fa-0ba8-4843-97eb-f27943a16f3d","mission","ğŸ“ | MissÃ£o 1 â€“ Tela Inicial","â“ | Nesta etapa, vocÃª conhecerÃ¡ a tela de entrada do sistema. Observe os elementos apresentados e entenda como ocorre o processo de acesso.

ğŸ”µ | NÃ£o Ã© necessÃ¡rio inserir informaÃ§Ãµes ou realizar aÃ§Ãµes funcionais, pois este Ã© apenas um protÃ³tipo.

ğŸ¯ | Objetivo: Localizar a tela principal do aplicativo.
","462092842","2025-10-30 10:48:14","2025-10-30 10:53:08",294.1,,"Windows",,,"Edge","141.0.0.0","pt-BR","link",,"GOAL_BASED","9:279;9:232;9:317;9:358;9:232;9:129","9:358",1.6,28.84,"TRUE","FALSE",42,67,9,4,"44.44%",1
"458015037","08a505fa-0ba8-4843-97eb-f27943a16f3d","mission","ğŸ“ | MissÃ£o 1 â€“ Tela Inicial","â“ | Nesta etapa, vocÃª conhecerÃ¡ a tela de entrada do sistema. Observe os elementos apresentados e entenda como ocorre o processo de acesso.

ğŸ”µ | NÃ£o Ã© necessÃ¡rio inserir informaÃ§Ãµes ou realizar aÃ§Ãµes funcionais, pois este Ã© apenas um protÃ³tipo.

ğŸ¯ | Objetivo: Localizar a tela principal do aplicativo.
","462092842","2025-10-30 10:48:14","2025-10-30 10:53:08",294.1,,"Windows",,,"Edge","141.0.0.0","pt-BR","link",,"GOAL_BASED","9:279;9:232;9:317;9:358;9:232;9:129","9:232",1.5,28.84,"TRUE","FALSE",50,67,9,4,"44.44%",1
